{
  "bonafide": {
    "precision": 1.0,
    "recall": 1.0,
    "f1-score": 1.0,
    "support": 6,
    "confused_with": {}
  },
  "confirm": {
    "precision": 1.0,
    "recall": 0.875,
    "f1-score": 0.9333333333333333,
    "support": 8,
    "confused_with": {
      "positive": 1
    }
  },
  "negative": {
    "precision": 1.0,
    "recall": 1.0,
    "f1-score": 1.0,
    "support": 8,
    "confused_with": {}
  },
  "purpose_bon": {
    "precision": 1.0,
    "recall": 1.0,
    "f1-score": 1.0,
    "support": 9,
    "confused_with": {}
  },
  "positive": {
    "precision": 0.8333333333333334,
    "recall": 1.0,
    "f1-score": 0.9090909090909091,
    "support": 5,
    "confused_with": {}
  },
  "policy": {
    "precision": 1.0,
    "recall": 1.0,
    "f1-score": 1.0,
    "support": 9,
    "confused_with": {}
  },
  "name": {
    "precision": 1.0,
    "recall": 1.0,
    "f1-score": 1.0,
    "support": 15,
    "confused_with": {}
  },
  "micro avg": {
    "precision": 0.9833333333333333,
    "recall": 0.9833333333333333,
    "f1-score": 0.9833333333333333,
    "support": 60
  },
  "macro avg": {
    "precision": 0.9761904761904762,
    "recall": 0.9821428571428571,
    "f1-score": 0.9774891774891775,
    "support": 60
  },
  "weighted avg": {
    "precision": 0.986111111111111,
    "recall": 0.9833333333333333,
    "f1-score": 0.9835353535353536,
    "support": 60
  }
}